{
  "hash": "0e7926ac",
  "configHash": "066b6419",
  "lockfileHash": "2c6eb936",
  "browserHash": "3cac952d",
  "optimized": {
    "@angular/core": {
      "src": "../../../../../node_modules/@angular/core/fesm2022/core.mjs",
      "file": "@angular_core.js",
      "fileHash": "0662b175",
      "needsInterop": false
    },
    "@angular/forms": {
      "src": "../../../../../node_modules/@angular/forms/fesm2022/forms.mjs",
      "file": "@angular_forms.js",
      "fileHash": "6ea82f97",
      "needsInterop": false
    },
    "@angular/platform-browser": {
      "src": "../../../../../node_modules/@angular/platform-browser/fesm2022/platform-browser.mjs",
      "file": "@angular_platform-browser.js",
      "fileHash": "e08cc961",
      "needsInterop": false
    },
    "@angular/router": {
      "src": "../../../../../node_modules/@angular/router/fesm2022/router.mjs",
      "file": "@angular_router.js",
      "fileHash": "439bd303",
      "needsInterop": false
    },
    "@ng-bootstrap/ng-bootstrap": {
      "src": "../../../../../node_modules/@ng-bootstrap/ng-bootstrap/fesm2022/ng-bootstrap.mjs",
      "file": "@ng-bootstrap_ng-bootstrap.js",
      "fileHash": "eaaac9d8",
      "needsInterop": false
    }
  },
  "chunks": {
    "chunk-ZN3SCVIE": {
      "file": "chunk-ZN3SCVIE.js"
    },
    "chunk-XZSBY733": {
      "file": "chunk-XZSBY733.js"
    },
    "chunk-HX5EVZ74": {
      "file": "chunk-HX5EVZ74.js"
    },
    "chunk-UDHPEJ5C": {
      "file": "chunk-UDHPEJ5C.js"
    }
  }
}